item_index,asin,title
783,B00003CXFU,Erin Brockovich (2000)
1068,B00168OIIU,"Bug's Life, A (1998)"
1280,B00Q3F0GG4,"Princess Bride, The (1987)"
186,6301966554,"Christmas Story, A (1983)"
985,B0007ICRF6,"Wizard of Oz, The (1939)"
1057,B000Y5JFNY,"Sound of Music, The (1965)"
937,B00006LSJI,Airplane! (1980)
172,6301666569,Back to the Future (1985)
303,6303471048,Pocahontas (1995)
1194,B00AT6NUN4,E.T. the Extra-Terrestrial (1982)
115,1572522747,Ponette (1996)
1145,B0050MB5JI,Antz (1998)
1016,B000E372ZY,Hercules (1997)
553,6305128960,"Last Days of Disco, The (1998)"
654,630574999X,"Sixth Sense, The (1999)"
1134,B004EPYZXK,Apollo 13 (1995)
175,6301773551,Star Wars: Episode IV - A New Hope (1977)
53,0788812262,Mary Poppins (1964)
34,0783225857,To Kill a Mockingbird (1962)
996,B0009KQPAK,"Secret Garden, The (1993)"
1159,B005S9ELM6,Fargo (1996)
1101,B0026ZQJT8,"Verdict, The (1982)"
456,6304342470,Courage Under Fire (1996)
222,6302685141,Rebel Without a Cause (1955)
1156,B005LAII3U,Total Recall (1990)
982,B00076SCPW,Star Wars: Episode VI - Return of the Jedi (1983)
1313,B014AGF6RG,GoodFellas (1990)
235,6302921384,Cliffhanger (1993)
566,6305230226,Snake Eyes (1998)
1288,B00UUOVPMS,"Fisher King, The (1991)"
1079,B001CR49HA,Mister Roberts (1955)
238,6302994063,Strictly Ballroom (1992)
5,076780192X,Close Encounters of the Third Kind (1977)
523,6304844948,Alien: Resurrection (1997)
241,6303012140,Demolition Man (1993)
144,6300214680,Children of a Lesser God (1986)
1000,B000A2WP7O,"Last of the Mohicans, The (1992)"
500,6304612982,Prefontaine (1997)
318,6303599109,Doctor Zhivago (1965)
575,6305252599,Star Trek VI: The Undiscovered Country (1991)
598,6305428115,Enemy of the State (1998)
498,6304610394,"Thin Red Line, The (1998)"
1281,B00Q3F0ITO,Dances with Wolves (1990)
1018,B000E5KJDE,Twister (1996)
1044,B000MGB6N2,"Silence of the Lambs, The (1991)"
738,B00000ILEA,Waking Ned Devine (1998)
611,6305470448,Shakespeare in Love (1998)
1042,B000LW7N6G,Serpico (1973)
201,6302238331,"French Connection, The (1971)"
51,0784011648,On Golden Pond (1981)
336,6303824382,Die Hard: With a Vengeance (1995)
1064,B0013N7FZ6,Gone with the Wind (1939)
37,0783226993,"Getaway, The (1994)"
1242,B00IF8Q8XC,Mr. Jones (1993)
1113,B002M9FXVS,Spartacus (1960)
651,6305730997,Indochine (1992)
1232,B00G4SHX6G,"Shawshank Redemption, The (1994)"
36,078322687X,"Breakfast Club, The (1985)"
969,B0001PKFLS,"Man with the Golden Arm, The (1955)"
1268,B00NW0OLZ0,Forrest Gump (1994)
882,B0000584ZH,Nurse Betty (2000)
539,6305034397,"Graduate, The (1967)"
837,B00004UEDQ,28 Days (2000)
586,6305310351,"Golden Child, The (1986)"
664,630580706X,Being John Malkovich (1999)
1065,B0014C2FX8,Indiana Jones and the Last Crusade (1989)
1163,B006WK4YB8,Dragonheart (1996)
1155,B005LAIHQS,Men in Black (1997)
458,6304353634,"Ghost and the Darkness, The (1996)"
1196,B00B1HHL94,Butch Cassidy and the Sundance Kid (1969)
80,0790757354,Blazing Saddles (1974)
85,0792157850,Indiana Jones and the Temple of Doom (1984)
15,0767824571,Monty Python and the Holy Grail (1974)
1119,B002ZG98LO,Predator (1987)
977,B0002WYTWG,"Terminator, The (1984)"
57,0788832492,Who Framed Roger Rabbit? (1988)
220,6302662745,Delicatessen (1991)
23,0780620372,Love! Valour! Compassion! (1997)
479,6304438192,Citizen Ruth (1996)
1278,B00PMCYZ1G,Bound (1996)
625,6305570051,Mrs. Dalloway (1997)
529,6304938713,Four Days in September (1997)
899,B00005JH9F,Richard III (1995)
801,B00003CXLM,Pokémon the Movie 2000 (2000)
637,6305627401,"South Park: Bigger, Longer and Uncut (1999)"
435,6304216939,Cold Comfort Farm (1995)
597,6305428093,Priest (1994)
1070,B0017HRJ04,Heat (1995)
393,6304039166,Mighty Aphrodite (1995)
997,B0009UZGM8,Paris Is Burning (1990)
862,B000050IMV,Sleepy Hollow (1999)
971,B00022PZ1A,Speed (1994)
712,6306012052,Rules of Engagement (2000)
599,6305428220,"Faculty, The (1998)"
711,6306011005,Joe Gould's Secret (2000)
55,0788814664,Good Will Hunting (1997)
690,630589423X,Topsy-Turvy (1999)
952,B00008NGDS,Wilde (1997)
715,B000005QLO,Edward Scissorhands (1990)
319,6303614353,Night on Earth (1991)
769,B00002SSKW,Twin Falls Idaho (1999)
1053,B000TXPXC8,Night of the Living Dead (1968)
114,1572522178,Wild Reeds (1994)
979,B00062IXHO,Men With Guns (1997)
351,6303924891,Living in Oblivion (1995)
26,0780622677,Jackie Chan's First Strike (1996)
562,6305191883,Henry: Portrait of a Serial Killer (1990)
570,6305240663,Office Killer (1997)
212,6302450187,"Hand That Rocks the Cradle, The (1992)"
87,0792165039,"Talented Mr. Ripley, The (1999)"
764,B00002EQ0I,Teaching Mrs. Tingle (1999)
17,0767836359,"River Runs Through It, A (1992)"
108,1558908382,Grosse Pointe Blank (1997)
1021,B000EQ5V04,Fight Club (1999)
526,6304879482,Washington Square (1997)
75,0790743213,North by Northwest (1959)
7,0767805712,Gattaca (1997)
33,078322561X,Babe: Pig in the City (1998)
930,B000068DBD,Jackie Brown (1997)
779,B00003CX73,Three Kings (1999)
1076,B001B7CNXS,End of Days (1999)
122,1573624365,Billy's Hollywood Screen Kiss (1997)
494,6304578482,Romy and Michele's High School Reunion (1997)
346,6303909000,"Incredibly True Adventure of Two Girls in Love, The (1995)"
733,B00000IC7G,Happiness (1998)
901,B00005JLZK,Final Destination (2000)
603,6305428298,Little Voice (1998)
792,B00003CXJ1,Shanghai Noon (2000)
814,B00003Q42P,Rushmore (1998)
1142,B004X63SL0,"Age of Innocence, The (1993)"
941,B00007ELDF,Fear and Loathing in Las Vegas (1998)
605,630542845X,Powder (1995)
403,6304083149,"City of Lost Children, The (1995)"
1207,B00C2A4SYA,Much Ado About Nothing (1993)
24,0780621956,Wag the Dog (1997)
374,6303995713,Metropolitan (1990)
1319,B016P0GY76,Rosencrantz and Guildenstern Are Dead (1990)
766,B00002JWZT,High Art (1998)
718,B0000065U1,Bob Roberts (1992)
843,B00004X13Q,But I'm a Cheerleader (1999)
1006,B000BB1NUE,Dead Man Walking (1995)
1276,B00P69WYIQ,Dead Man (1995)
152,6300247821,Romancing the Stone (1984)
1152,B005HIBWU2,Top Gun (1986)
859,B00004Z4WR,Gone in 60 Seconds (2000)
464,6304380941,To Gillian on Her 37th Birthday (1996)
56,0788821075,Pretty Woman (1990)
271,6303269826,Wyatt Earp (1994)
1147,B0052ZFYEK,Arthur (1981)
786,B00003CXHG,Keeping the Faith (2000)
924,B000065U3I,"Patriot, The (2000)"
925,B000065V3X,Babes in Toyland (1961)
556,6305164215,Prizzi's Honor (1985)
1205,B00BX8A918,Roustabout (1964)
1299,B00ZVBG3A4,"Room with a View, A (1986)"
1108,B002EAYDYI,Emma (1996)
1105,B002DY9KR0,Sense and Sensibility (1995)
789,B00003CXIF,Where the Heart Is (2000)
1219,B00DYRNGQ6,"Exorcist, The (1973)"
1024,B000FO0AHO,Elizabeth (1998)
90,0792836618,Mr. Saturday Night (1992)
696,6305949638,"Cider House Rules, The (1999)"
998,B000A0GOH8,Private Parts (1997)
384,6304016859,Waiting to Exhale (1995)
555,630514415X,He Got Game (1998)
25,0780622383,Dolores Claiborne (1994)
334,6303696813,Crimson Tide (1995)
1088,B001HB1JZQ,Cyrano de Bergerac (1990)
507,6304681526,Chasing Amy (1997)
582,6305297525,What Dreams May Come (1998)
1262,B00LXH2BL0,Street Fighter (1994)
851,B00004Y2R4,Any Given Sunday (1999)
62,0790729687,Interview with the Vampire (1994)
990,B0007Y08MY,"Godfather: Part II, The (1974)"
257,6303124798,What's Eating Gilbert Grape (1993)
1184,B009B8YZ4Y,Beloved (1998)
1037,B000K5FPNW,eXistenZ (1999)
932,B00006FDCF,True Romance (1993)
1240,B00I4CWITM,Great Expectations (1998)
700,630595805X,High Fidelity (2000)
596,6305426651,Life Is Beautiful (La Vita è bella) (1997)
849,B00004XPPI,Cruel Intentions (1999)
831,B00004TQF7,Boogie Nights (1997)
968,B0001MIQMG,"Joy Luck Club, The (1993)"
199,6302206294,Robin Hood: Prince of Thieves (1991)
807,B00003CXO1,Meet the Parents (2000)
78,0790750414,"Whole Nine Yards, The (2000)"
256,6303114946,Searching for Bobby Fischer (1993)
472,6304415346,Star Trek: First Contact (1996)
125,5554452574,Sling Blade (1996)
1316,B014LHPGX8,"Hurricane, The (1999)"
793,B00003CXJ4,Chicken Run (2000)
796,B00003CXKA,Hollow Man (2000)
568,6305240019,Return to Paradise (1998)
65,0790733226,Contact (1997)
432,630420065X,Mission: Impossible (1996)
449,6304297912,Trainspotting (1996)
845,B00004X13T,"Skulls, The (2000)"
881,B000056VP3,Remember the Titans (2000)
1146,B0052SO010,"Midsummer Night's Dream, A (1999)"
72,0790740281,Defending Your Life (1991)
939,B00006ZXSK,Ever After: A Cinderella Story (1998)
473,6304416415,"Honey, I Shrunk the Kids (1989)"
1004,B000AM6P2A,Lost in Space (1998)
1075,B001AQMBDM,American Graffiti (1973)
1300,B010DRM9D0,To Sir with Love (1967)
77,0790748193,Message in a Bottle (1999)
677,6305826838,My Favorite Martian (1999)
1330,B01CZAFLOC,Adventures in Babysitting (1987)
447,630428540X,Phenomenon (1996)
1279,B00PULRC0U,Watership Down (1978)
1167,B0077ERLCC,Michael (1996)
330,6303675387,"Journey of Natty Gann, The (1985)"
66,0790733919,Cool Hand Luke (1967)
415,630414069X,Mystery Science Theater 3000: The Movie (1996)
1026,B000G6BLWE,Young Frankenstein (1974)
1304,B0117Q3PMK,"Rocky Horror Picture Show, The (1975)"
1110,B002KPINY8,Stargate (1994)
306,6303486754,Houseguest (1994)
1104,B002DU39JE,High Noon (1952)
103,0800141709,Dr. Strangelove or: How I Learned to Stop Worrying and Love the Bomb (1963)
1340,B01FUYRKEE,Somewhere in Time (1980)
1050,B000PHX5PK,"War of the Worlds, The (1953)"
347,6303909949,Star Trek: Generations (1994)
343,6303890458,Nine Months (1995)
267,6303212395,"NeverEnding Story, The (1984)"
141,6300214338,Trading Places (1983)
959,B00009YXAU,Return from Witch Mountain (1978)
82,0792143817,"First Wives Club, The (1996)"
1013,B000E1JOXE,Return to Oz (1985)
734,B00000IC9S,Rear Window (1954)
170,6301590740,Being There (1979)
1241,B00IF8PTVO,Sleeping Beauty (1959)
987,B0007QS22K,M*A*S*H (1970)
748,B00000JN2F,Jack (1996)
231,630279482X,Escape to Witch Mountain (1975)
323,6303637574,While You Were Sleeping (1995)
916,B00005OAZZ,Star Trek: The Motion Picture (1979)
54,0788812467,Old Yeller (1957)
647,6305692688,"13th Warrior, The (1999)"
127,6300158772,"Gold Rush, The (1925)"
1090,B001LYRHSM,Ace Ventura: Pet Detective (1994)
918,B00005QT9O,Mixed Nuts (1994)
1081,B001EASNPY,Miracle on 34th Street (1947)
1144,B0050FXDDQ,Citizen Kane (1941)
246,6303039456,Cool Runnings (1993)
1333,B01EFSORXS,Labyrinth (1986)
282,6303347665,"Corrina, Corrina (1994)"
908,B00005KK3M,"Jewel of the Nile, The (1985)"
1172,B007LNBRKQ,Tora! Tora! Tora! (1970)
169,6301586026,"Affair to Remember, An (1957)"
165,6301390725,Bedknobs and Broomsticks (1971)
60,0790729377,"Streetcar Named Desire, A (1951)"
1197,B00B1LM77G,Alice in Wonderland (1951)
455,6304342462,That Thing You Do! (1996)
590,6305368201,You've Got Mail (1998)
634,6305609764,Scrooged (1988)
1245,B00J2PQYYK,"Hard Day's Night, A (1964)"
790,B00003CXIU,Battlefield Earth (2000)
236,6302946387,Robin Hood: Men in Tights (1993)
400,6304078102,Mr. Holland's Opus (1995)
630,630560097X,Tea with Mussolini (1999)
190,6301976045,"Shop Around the Corner, The (1940)"
1264,B00MBNYMDU,Alien (1979)
936,B00006JMSM,Gremlins (1984)
1153,B005HK13P4,12 Angry Men (1957)
1096,B001UHOWX8,White Christmas (1954)
819,B00004CYR8,Private Benjamin (1980)
1308,B011MHCLJC,From Russia with Love (1963)
49,0783241313,Man on the Moon (1999)
497,6304602901,Police Academy (1984)
81,079079568X,Cat on a Hot Tin Roof (1958)
177,630179513X,Back to the Future Part II (1989)
1099,B0025VLEMK,Army of Darkness (1993)
426,6304176287,Willy Wonka and the Chocolate Factory (1971)
1048,B000O76ZNU,Porky's (1981)
61,0790729628,Blade Runner (1982)
239,6302994071,Son in Law (1993)
719,B000006FFU,"Boy Who Could Fly, The (1986)"
962,B0000TPA4C,Planet of the Apes (1968)
1190,B00AKGG5PS,FairyTale: A True Story (1997)
430,6304197632,Anne Frank Remembered (1995)
1266,B00NMUCHNS,Time Bandits (1981)
171,6301661710,Beneath the Planet of the Apes (1970)
589,6305365121,Star Trek: Insurrection (1998)
1162,B006FSRSFQ,Annie Hall (1977)
1170,B007IU8Z2A,"Jerk, The (1979)"
992,B00094ARJQ,Weekend at Bernie's (1989)
585,6305308802,"Man with Two Brains, The (1983)"
389,630402925X,Darby O'Gill and the Little People (1959)
961,B0000DZTIP,"Gnome-Mobile, The (1967)"
617,6305512043,"Happiest Millionaire, The (1967)"
35,0783226608,Half Baked (1998)
413,6304125941,Kids in the Hall: Brain Candy (1996)
243,6303027016,"Good Morning, Vietnam (1987)"
1282,B00R244DX2,Hoop Dreams (1994)
59,0788860119,"Muppet Movie, The (1979)"
626,6305575762,Pushing Tin (1999)
910,B00005MM6T,Heavy (1995)
1140,B004SIP8WU,Muriel's Wedding (1994)
722,B00000EZRQ,Almost Heroes (1998)
1080,B001DJ7PQE,"Nutty Professor, The (1963)"
1010,B000CDGVQW,Deuce Bigalow: Male Gigolo (1999)
826,B00004RYKP,Dave (1993)
38,0783227361,Dazed and Confused (1993)
649,6305715831,Breakfast of Champions (1999)
67,0790733927,Dog Day Afternoon (1975)
802,B00003CXMG,Almost Famous (2000)
1029,B000HEVTKY,Quatermass and the Pit (1967)
483,6304457359,"Man Who Would Be King, The (1975)"
858,B00004Z4WQ,Scary Movie (2000)
214,6302482712,Medicine Man (1992)
1124,B003UESJME,True Grit (1969)
1338,B01F6EHOFS,"Adventures of Buckaroo Bonzai Across the 8th Dimension, The (1984)"
142,6300214508,Young Sherlock Holmes (1985)
953,B000093NOT,Around the World in 80 Days (1956)
873,B0000542C6,"Emerald Forest, The (1985)"
1133,B004EPYZTE,Conan the Barbarian (1982)
1149,B005710OGC,Forever Young (1992)
699,6305958041,Mission to Mars (2000)
620,6305537798,10 Things I Hate About You (1999)
158,6301066162,Broadcast News (1987)
754,B00000K3UU,Big Daddy (1999)
601,6305428255,She's All That (1999)
787,B00003CXI6,What Lies Beneath (2000)
1045,B000MV8AEA,"Arrival, The (1996)"
627,630557605X,Never Been Kissed (1999)
63,0790732149,Murder at 1600 (1997)
50,0783243499,American Psycho (2000)
639,6305657939,"Thomas Crown Affair, The (1999)"
74,0790741644,"Perfect Murder, A (1998)"
6,0767803434,Air Force One (1997)
1293,B00WGUWDVG,Sneakers (1992)
52,0784013470,Stir of Echoes (1999)
795,B00003CXJY,Big Momma's House (2000)
906,B00005K26B,Mrs. Doubtfire (1993)
670,6305810079,"Cradle Will Rock, The (1999)"
42,0783229747,One True Thing (1998)
1054,B000WGYMTM,Rush Hour (1998)
1265,B00NB9ILGM,Selena (1997)
602,630542828X,"Civil Action, A (1998)"
1261,B00LVZJW4I,From Dusk Till Dawn (1996)
69,0790736527,"Devil's Advocate, The (1997)"
587,6305353549,Very Bad Things (1998)
636,6305622825,Entrapment (1999)
167,6301505662,Wild Things (1998)
595,6305417830,"Simple Plan, A (1998)"
43,078322995X,"Prince of Egypt, The (1998)"
742,B00000J2KA,Baby Geniuses (1999)
1191,B00AKGG8FA,"Love Letter, The (1999)"
757,B00001ZWTS,Wild Wild West (1999)
254,6303095216,Doctor Dolittle (1967)
635,6305616027,Inspector Gadget (1999)
773,B000035Z3G,Dudley Do-Right (1999)
761,B000028U3R,"Iron Giant, The (1999)"
1255,B00KIZY2QA,I Saw What You Did (1965)
656,6305761213,Drive Me Crazy (1999)
533,6304981643,"Grifters, The (1990)"
949,B00008AWQX,"Invisible Man, The (1933)"
31,0783114729,My Left Foot (1989)
804,B00003CXMV,"Art of War, The (2000)"
382,630401323X,Destination Moon (1950)
299,6303433766,Heavenly Creatures (1994)
249,6303046436,It Came from Outer Space (1953)
270,6303257372,It Came from Beneath the Sea (1955)
1198,B00BC0JIW8,"Navigator: A Mediaeval Odyssey, The (1988)"
370,630398021X,Strange Days (1995)
880,B000056OCJ,Moonraker (1979)
1337,B01F57MY9W,Hoodlum (1997)
509,6304697988,"Stepford Wives, The (1975)"
264,6303187196,Farewell My Concubine (1993)
687,630587493X,Bicentennial Man (1999)
1055,B000X9LVQA,Them! (1954)
847,B00004XPPD,Center Stage (2000)
993,B00099ZIBS,"Murder, My Sweet (1944)"
890,B00005ALS2,Space Cowboys (2000)
1137,B004LV3VQE,Heavy Metal (1981)
1165,B0070EUHMU,Sleeper (1973)
1085,B001G7Q15O,Escape from the Planet of the Apes (1971)
1043,B000MDFTHE,Night of the Comet (1984)
1114,B002QZ2DPW,"Lock, Stock & Two Smoking Barrels (1998)"
366,6303961703,What Happened Was... (1994)
612,6305475695,Wing Commander (1999)
1102,B0027VW6ZW,Nineteen Eighty-Four (1984)
1329,B01CQY68C6,All Dogs Go to Heaven (1989)
327,6303651488,Thunderball (1965)
308,6303501281,Circle of Friends (1995)
1231,B00FYPI1W0,"Secret of NIMH, The (1982)"
294,6303416403,Teenage Mutant Ninja Turtles III (1993)
1132,B004CWLRKY,Drop Dead Gorgeous (1999)
145,6300214710,Pretty in Pink (1986)
2,0767015525,"Avengers, The (1998)"
58,078885996X,"Muppet Christmas Carol, The (1992)"
821,B00004R99N,"Rescuers Down Under, The (1990)"
760,B000022TSJ,Universal Soldier: The Return (1999)
740,B00000IQBP,"Great Muppet Caper, The (1981)"
153,6300250407,"Muppets Take Manhattan, The (1984)"
839,B00004UGAU,Sesame Street Presents Follow That Bird (1985)
1272,B00O4ZC5A0,101 Dalmatians (1961)
440,6304259093,"Crow: City of Angels, The (1996)"
453,6304311834,D3: The Mighty Ducks (1996)
83,0792153189,Deep Impact (1998)
1051,B000RXZIKW,Little Women (1994)
149,6300216977,Ordinary People (1980)
1309,B011MHCW50,"Man with the Golden Gun, The (1974)"
1143,B004XC5LRI,Kull the Conqueror (1997)
1103,B002DH20QA,"Adventures of Robin Hood, The (1938)"
168,6301570723,"Karate Kid, Part II, The (1986)"
404,6304089201,Aladdin and the King of Thieves (1996)
261,6303168345,Serial Mom (1994)
903,B00005JMCW,Freaky Friday (1977)
135,6300185788,Howard the Duck (1986)
408,630410605X,White Squall (1996)
1192,B00AN5LCXQ,Dangerous Liaisons (1988)
102,0800111842,3 Ninjas: High Noon On Mega Mountain (1998)
889,B00005ALS0,Best in Show (2000)
508,630469623X,Menace II Society (1993)
262,6303168957,D2: The Mighty Ducks (1994)
1206,B00C1AIMXE,"Creature From the Black Lagoon, The (1954)"
1033,B000IONJHE,"American Werewolf in London, An (1981)"
1307,B011MHBHPG,Licence to Kill (1989)
1056,B000XSKDMY,Live and Let Die (1973)
1066,B0015RRN7U,"Amityville Horror, The (1979)"
892,B00005ATQJ,"Shining, The (1980)"
619,6305526079,"Out-of-Towners, The (1999)"
871,B000053W55,Blues Brothers 2000 (1998)
1318,B016JB0KGM,Frankenstein (1931)
157,6301005783,Son of Dracula (1943)
1253,B00KA0VEGO,Rosemary's Baby (1968)
328,6303651917,Tales from the Hood (1995)
956,B00009AV85,Kingpin (1996)
652,6305732329,Outside Providence (1999)
16,0767826728,I Know What You Did Last Summer (1997)
95,0792842162,Dirty Work (1998)
139,6300214192,Friday the 13th (1980)
776,B000038IFO,Pit and the Pendulum (1961)
1181,B008ZD4Q9U,Screwed (2000)
1305,B0118S73VG,Poltergeist (1982)
615,6305499365,Office Space (1999)
583,6305300550,"Night at the Roxbury, A (1998)"
1098,B0021BSOHM,Scream (1996)
752,B00000JZHG,Psycho (1998)
88,0792166736,"Next Best Thing, The (2000)"
689,6305892946,Scream 3 (2000)
942,B00007ELF1,"Apostle, The (1997)"
307,6303494080,"Brady Bunch Movie, The (1995)"
218,6302650046,Little Nemo: Adventures in Slumberland (1992)
1243,B00IMHSXDE,"Messenger: The Story of Joan of Arc, The (1999)"
22,0780606957,House Party 2 (1991)
691,6305897786,"Ninth Gate, The (2000)"
1128,B00404ME0Q,Fallen (1998)
223,6302720419,Children of the Corn (1984)
133,6300184269,Weird Science (1985)
444,6304279000,"Very Brady Sequel, A (1996)"
325,6303646417,Stuart Saves His Family (1995)
1179,B008C0C1Y8,Judge Dredd (1995)
868,B000053V7A,"Way of the Gun, The (2000)"
224,630272256X,"Distinguished Gentleman, The (1992)"
1182,B0093KZDVO,Dogma (1999)
829,B00004T8WW,"Seventh Sign, The (1988)"
217,6302641764,Nothing But Trouble (1991)
1247,B00JJOY4GY,Clue (1985)
96,0792843991,Back to School (1986)
1002,B000A8JA8K,Puppet Master II (1990)
1343,B01GU82O9U,"Transformers: The Movie, The (1986)"
284,6303354939,In the Army Now (1994)
1093,B001QMCJ0K,Hellraiser (1987)
943,B00007ELFE,"Thin Blue Line, The (1988)"
451,6304298315,Purple Noon (1960)
978,B0006210ZG,"Manchurian Candidate, The (1962)"
27,0780623223,Zero Effect (1998)
1148,B0053TWVK0,House (1986)
365,6303954197,House II: The Second Story (1987)
98,0792844033,Mystery Train (1989)
146,6300216047,Barbarella (1968)
1020,B000EOTVDY,Party Girl (1995)
784,B00003CXGR,Small Time Crooks (2000)
208,6302289009,Dead Again (1991)
975,B0002KPHWE,Species (1995)
785,B00003CXH1,"Virgin Suicides, The (1999)"
136,6300214117,Terms of Endearment (1983)
771,B000035P6F,Blame It on Rio (1984)
484,6304457391,Seven Days in May (1964)
132,6300183459,Firestarter (1984)
496,6304601905,To Die For (1995)
594,6305416192,His Girl Friday (1940)
255,6303102239,Romeo Is Bleeding (1993)
1193,B00AQ6J5JU,Badlands (1973)
20,0780022319,For All Mankind (1989)
457,6304345062,Flirting With Disaster (1996)
183,6301933532,Dreamscape (1984)
412,6304113404,Maximum Overdrive (1986)
160,630120798X,Bull Durham (1988)
720,B000006FKX,Who's Afraid of Virginia Woolf? (1966)
178,630179799X,History of the World: Part I (1981)
886,B000059PP7,Working Girl (1988)
1341,B01G24WKRI,Frances (1982)
1072,B0018QPPXW,Risky Business (1983)
40,0783227922,Reality Bites (1994)
1292,B00W6OFHOC,"Big Chill, The (1983)"
488,630450392X,Everyone Says I Love You (1996)
340,6303854508,Canadian Bacon (1994)
437,6304232764,Operation Dumbo Drop (1995)
1258,B00L3ZB4F6,Eraserhead (1977)
338,6303832571,She's Gotta Have It (1986)
205,6302272602,School Daze (1988)
694,6305942331,"Tigger Movie, The (2000)"
89,0792171306,North Dallas Forty (1979)
394,6304039174,Father of the Bride Part II (1995)
1287,B00USBLX8Y,Red Dawn (1984)
288,6303383238,Exit to Eden (1994)
767,B00002ND79,Forget Paris (1995)
565,630522207X,How Stella Got Her Groove Back (1998)
1220,B00E1HIXBG,I.Q. (1994)
189,6301973461,Pink Floyd - The Wall (1982)
342,6303890423,Something to Talk About (1995)
557,6305168822,Hope Floats (1998)
285,6303355005,Milk Money (1994)
305,6303486738,Miami Rhapsody (1995)
813,B00003OSSN,Random Hearts (1999)
276,6303315305,Angels in the Outfield (1994)
259,6303152759,Blue Chips (1994)
1129,B0043X1FKY,Against All Odds (1984)
376,6303998046,It Takes Two (1995)
181,6301914090,Days of Thunder (1990)
184,6301942728,Pacific Heights (1990)
9,0767811704,Nothing in Common (1986)
1235,B00GRA7M2G,Breathless (1983)
1328,B01BPQG3C6,"Program, The (1993)"
240,6303011969,Fatal Instinct (1993)
101,0793961009,Speed 2: Cruise Control (1997)
70,0790737647,With Honors (1994)
272,6303269869,When a Man Loves a Woman (1994)
1209,B00C6F60QA,For Richer or Poorer (1997)
653,6305736685,Two if by Sea (1996)
138,6300214184,Flashdance (1983)
1302,B010GJM7JG,Sommersby (1993)
560,6305181179,How to Be a Player (1997)
392,6304035187,Live Nude Girls (1995)
867,B000053GYD,"Fabulous Baker Boys, The (1989)"
876,B000056BSE,Porky's II: The Next Day (1983)
268,6303213650,"Hudsucker Proxy, The (1994)"
260,6303155030,I'll Do Anything (1994)
902,B00005JMAY,George of the Jungle (1997)
721,B000006GFE,Porky's Revenge (1985)
213,6302459702,White Men Can't Jump (1992)
258,6303146074,Lightning Jack (1994)
423,6304167660,Beautiful Girls (1996)
1111,B002L5GQMI,Easy Money (1983)
538,6305012814,"Man Without a Face, The (1993)"
818,B00004CX4O,Single White Female (1992)
363,6303949436,"Walk in the Clouds, A (1995)"
409,6304107641,Down Periscope (1996)
631,6305600988,Inherit the Wind (1960)
1087,B001GUYAZY,It Happened One Night (1934)
1095,B001TUZGPO,Notorious (1946)
781,B00003CX9I,"Conversation, The (1974)"
1180,B008UTV4VM,Bringing Up Baby (1938)
1203,B00BTYXNRI,"Haunting, The (1999)"
1236,B00H7T56IS,Funny Face (1957)
1030,B000HEWEUS,Gaslight (1944)
1130,B00448JWBC,Betrayed (1988)
1310,B011RO8B30,Assault on Precinct 13 (1976)
1295,B00XKENZP0,Thunderbolt and Lightfoot (1974)
980,B000676S8U,"Old Man and the Sea, The (1958)"
644,6305678715,"Presidio, The (1988)"
809,B00003CXP9,Bamboozled (2000)
919,B00005V1WQ,Requiem for a Dream (2000)
1214,B00DC5K1FO,"Lady Vanishes, The (1938)"
176,6301782666,"Purple Rose of Cairo, The (1985)"
954,B000096IBH,"Great Dictator, The (1940)"
955,B000096IBI,Modern Times (1936)
129,6300181545,Going My Way (1944)
359,630393546X,Little Shop of Horrors (1986)
1213,B00CUKTGSA,To Be or Not to Be (1942)
476,6304429703,Hang 'em High (1967)
989,B0007XFZYQ,Harvey (1950)
1283,B00SC8KTHG,Sullivan's Travels (1942)
147,6300216241,Barefoot in the Park (1967)
1164,B006X64S7Q,Harold and Maude (1971)
225,6302725542,Born Yesterday (1950)
709,6306010513,Snow Day (2000)
554,6305132143,Sliding Doors (1998)
1168,B00792DZ2W,Suspicion (1941)
917,B00005PJ8O,Patton (1970)
1229,B00F98FOI6,Nashville (1975)
21,0780022386,"Unbearable Lightness of Being, The (1988)"
460,6304359721,What Ever Happened to Baby Jane? (1962)
1254,B00KE3B9US,Marty (1955)
1322,B018QRGNK4,Places in the Heart (1984)
974,B0002A0JMM,Swiss Family Robinson (1960)
10,0767817486,Midnight Express (1978)
1186,B00AB2NX1K,Inferno (1980)
126,6300147355,Carnal Knowledge (1971)
1031,B000HT3PGK,South Pacific (1958)
907,B00005K3NW,"Howling, The (1980)"
1040,B000L2127W,Sleepers (1996)
827,B00004SPFR,"Kentucky Fried Movie, The (1977)"
439,6304239351,He Walked by Night (1948)
396,6304039530,Dial M for Murder (1954)
1201,B00BNV9WCW,Steel Magnolias (1989)
1078,B001BSBBKI,Bride of the Monster (1956)
515,6304718764,Cronos (1992)
546,6305081832,Of Mice and Men (1992)
1230,B00FYPEEFS,City of Angels (1998)
1047,B000O176OS,Matilda (1996)
806,B00003CXN1,Whipped (2000)
8,0767808673,Spice World (1997)
714,6306012400,Return to Me (2000)
470,630440283X,Kaspar Hauser (1993)
966,B0001BFDK0,Popeye (1980)
571,6305240671,"Next Stop, Wonderland (1998)"
841,B00004W22A,Bossa Nova (1999)
86,0792160347,American Gigolo (1980)
1331,B01DJT73IA,"39 Steps, The (1935)"
73,0790740451,Home Fries (1998)
805,B00003CXMY,Saving Grace (2000)
442,6304267835,Chungking Express (1994)
1086,B001GS7AZS,"Color of Money, The (1986)"
878,B000056HP2,"Tao of Steve, The (2000)"
1139,B004SIP6E0,Cinema Paradiso (1988)
563,6305203725,"Slums of Beverly Hills, The (1998)"
643,630567681X,Clockwatchers (1997)
174,6301704754,Men Don't Leave (1990)
0,0764003828,Take the Money and Run (1969)
275,6303313329,Fear of a Black Hat (1993)
490,630451493X,When We Were Kings (1996)
185,6301963725,Predator 2 (1990)
758,B0000203Y5,Buena Vista Social Club (1999)
1297,B00Z9HSFY2,Balto (1995)
499,6304611641,'Til There Was You (1997)
45,0783230486,How to Make an American Quilt (1995)
1120,B0031DDG9A,Malice (1993)
724,B00000F7AE,Stuart Little (1999)
1188,B00AEJQA4W,Mafia! (1998)
352,6303925243,"Kid in King Arthur's Court, A (1995)"
1298,B00ZJYJCWY,Mighty Joe Young (1998)
731,B00000IBMD,"Farewell to Arms, A (1932)"
1014,B000E1YW2C,"Poseidon Adventure, The (1972)"
12,0767819519,"Deep End of the Ocean, The (1999)"
1077,B001BSBBGW,Plan 9 from Outer Space (1958)
1015,B000E1ZK5A,U-571 (2000)
755,B00001TZ5Z,Free Enterprise (1998)
304,6303471579,"Island of Dr. Moreau, The (1996)"
1210,B00COHGPGK,Airport (1970)
517,6304744404,Event Horizon (1997)
1284,B00T6SZNOA,"Black Hole, The (1979)"
506,6304680694,Rocketship X-M (1950)
386,630401709X,"They Shoot Horses, Don't They? (1969)"
830,B00004TJFJ,Something Wicked This Way Comes (1983)
822,B00004RERO,"Slipper and the Rose, The (1976)"
1227,B00EM3NOF4,Halloween (1978)
414,6304136242,Halloween: The Curse of Michael Myers (1995)
817,B00004CT8J,Muppet Treasure Island (1996)
1157,B005LAIIAI,"Texas Chainsaw Massacre, The (1974)"
558,6305171769,Halloween: H20 (1998)
544,6305076731,"Object of My Affection, The (1998)"
1215,B00DCCZO2W,Up Close and Personal (1996)
1301,B010GJM76Y,Boys on the Side (1995)
203,6302256690,Dying Young (1991)
616,6305499446,Simply Irresistible (1999)
564,6305210101,Smoke Signals (1998)
1223,B00E6F148M,Mother (1996)
380,630401144X,"Month by the Lake, A (1995)"
377,630400463X,Crimes of the Heart (1986)
1216,B00DNF1RM4,Dance with Me (1998)
708,6306005153,Passion of Mind (1999)
230,6302767741,Peter's Friends (1992)
1239,B00HVJZ576,Pollyanna (1960)
489,6304509405,"Beautician and the Beast, The (1997)"
519,6304798458,She's So Lovely (1997)
1012,B000CEXG00,"Flintstones, The (1994)"
383,630401614X,Carrington (1995)
922,B0000633R4,Only You (1994)
967,B0001F33GW,I'll Be Home For Christmas (1998)
293,6303413293,Queens Logic (1991)
743,B00000JGOJ,Playing by Heart (1998)
893,B00005B1VQ,"House of the Spirits, The (1993)"
935,B00006JMRD,"Quiet Man, The (1952)"
1200,B00BLN4V6E,Jumpin' Jack Flash (1986)
277,630333458X,Naked in New York (1994)
369,630397788X,Unstrung Heroes (1995)
516,630473784X,American Strays (1996)
29,0780630866,"Nightmare on Elm Street 3: Dream Warriors, A (1987)"
140,6300214311,Friday the 13th Part 3: 3D (1982)
1187,B00AEFY2WI,Friday the 13th Part VI: Jason Lives (1986)
468,6304401248,Herbie Goes Bananas (1980)
1274,B00OGT2UFE,Jingle All the Way (1996)
1166,B0074JOCMC,Titanic (1997)
64,0790732521,Michael Collins (1996)
1161,B0068MNNS0,Last Man Standing (1996)
541,630505116X,Deep Rising (1998)
1100,B0026IQTRW,Everest (1998)
695,6305944253,Dinosaur (2000)
188,6301969774,From Here to Eternity (1953)
364,6303954138,Empire Records (1995)
372,6303990452,Cutthroat Island (1995)
467,630440123X,Herbie Rides Again (1974)
251,6303057942,Addams Family Values (1993)
273,6303292860,I Love Trouble (1994)
1169,B0079J28NW,Yellow Submarine (1968)
951,B00008L3S9,Renaissance Man (1994)
295,630341964X,Richie Rich (1994)
1238,B00HI9QGHW,For Love or Money (1993)
379,6304008716,Nick of Time (1995)
1270,B00O2MRX6G,"Replacements, The (2000)"
279,6303337120,Black and White (1999)
608,6305451613,Assassins (1995)
578,6305265682,Polish Wedding (1998)
791,B00003CXIY,Road Trip (2000)
367,6303965792,Vampire in Brooklyn (1995)
227,6302728657,Enchanted April (1991)
543,6305074216,Needful Things (1993)
287,6303359574,Princess Caraboo (1994)
474,6304419708,"Portrait of a Lady, The (1996)"
481,6304455984,Albino Alligator (1996)
567,6305238065,Cube (1997)
150,6300218031,Some Kind of Wonderful (1987)
173,6301689984,We're No Angels (1989)
778,B00003CWSR,Liberty Heights (1999)
1001,B000A3XY5A,Crash (1996)
465,630438100X,Mother Night (1996)
1174,B007PXYWBI,"House of Yes, The (1997)"
11,0767819454,Idle Hands (1999)
545,6305077509,Two Girls and a Guy (1997)
986,B0007P0XA0,"Awfully Big Adventure, An (1995)"
999,B000A2WDVW,Picnic at Hanging Rock (1975)
1221,B00E3QJ89Q,"Borrowers, The (1997)"
322,6303637493,Farinelli: il castrato (1994)
1204,B00BX8A8UK,King Creole (1958)
221,6302681774,Solar Crisis (1993)
191,630200912X,Date with an Angel (1987)
1267,B00NMUCL1G,Safe (1995)
401,6304078145,Four Rooms (1995)
531,6304961693,In the Heat of the Night (1967)
229,6302763193,Jennifer 8 (1992)
356,6303933661,Double Happiness (1994)
248,6303042449,Another Stakeout (1993)
1303,B010GJM8EA,Copycat (1995)
237,6302987857,Boxing Helena (1993)
309,6303507689,Nobody's Fool (1994)
310,630350986X,Higher Learning (1995)
577,6305261490,Trees Lounge (1996)
525,6304879474,"American Werewolf in Paris, An (1997)"
478,6304431848,Romper Stomper (1992)
104,0800177029,Wolf (1994)
1160,B005YFGIZM,Fresh (1994)
853,B00004Y633,Hellraiser: Bloodline (1996)
1116,B002U6DVPI,"Paris, Texas (1984)"
877,B000056BSJ,Grand Canyon (1991)
1237,B00H91LVVU,"Outsiders, The (1983)"
1034,B000JCE3MA,"Star Is Born, A (1937)"
887,B00005A8S9,Benji (1974)
1332,B01DKTCAOQ,Haunted Honeymoon (1986)
800,B00003CXLD,"In Crowd, The (2000)"
600,6305428247,"Mighty, The (1998)"
848,B00004XPPF,Thomas and the Magic Railroad (2000)
524,6304852428,"Toxic Avenger, Part II, The (1989)"
486,6304493053,"Incredible Journey, The (1963)"
1118,B002ZG98L4,Piranha (1978)
1228,B00F8ONHNU,"Trouble with Harry, The (1955)"
703,6305958181,Ghost Dog: The Way of the Samurai (1999)
1323,B018WQBMZA,Species II (1998)
1109,B002ED6UZ0,Otello (1986)
321,6303620256,"Secret Adventures of Tom Thumb, The (1993)"
658,630576333X,"Happy, Texas (1999)"
151,6300247597,Return of the Fly (1959)
110,1562020226,Santa with Muscles (1996)
228,6302757096,Five Easy Pieces (1970)
233,6302842263,Love Is a Many-Splendored Thing (1955)
1061,B0013D8LNG,"Raisin in the Sun, A (1961)"
335,6303820905,"Secret of Roan Inish, The (1994)"
357,6303934315,Two Women (La Ciociara) (1961)
520,6304798466,Shall We Dance? (1937)
797,B00003CXKS,Dancer in the Dark (2000)
1126,B003ZGJM96,Braindead (1992)
750,B00000JRWE,Cookie's Fortune (1999)
803,B00003CXMO,Bring It On (2000)
697,6305949662,Reindeer Games (2000)
1009,B000BYY0UG,Supernova (2000)
79,0790751445,Ready to Rumble (2000)
788,B00003CXIA,"Flintstones in Viva Rock Vegas, The (2000)"
672,6305812241,American Buffalo (1996)
1127,B00400M3ZQ,Faithful (1996)
1185,B009RWRINE,"Man Who Knew Too Much, The (1956)"
1178,B0089BSMB6,Kidnapped (1960)
521,6304806450,Metro (1997)
47,0783235674,Family Plot (1976)
552,6305128952,"Horse Whisperer, The (1998)"
1199,B00BDZV8G6,You Can't Take It With You (1938)
360,6303937160,Moonlight and Valentino (1995)
148,6300216748,Three Days of the Condor (1975)
263,630318457X,Being Human (1993)
1325,B01ABD498Y,Coming Home (1978)
857,B00004Z1FX,Shaft (2000)
466,6304393075,Looking for Richard (1996)
1320,B017HP18WO,Flesh and Bone (1993)
850,B00004XPPK,Gilda (1946)
419,6304153554,Carried Away (1996)
1112,B002M0HOV4,"Christmas Carol, A (1938)"
358,6303935125,Diabolique (1996)
940,B0000714BS,American Movie (1999)
1067,B001662FIW,Flawless (1999)
1007,B000BBOUC2,8MM (1999)
1225,B00E98G2SS,Home Alone 3 (1997)
18,0767837398,SLC Punk! (1998)
622,630555255X,Desert Blue (1999)
1063,B0013LRKSK,Madeline (1998)
99,0792846133,"Best Years of Our Lives, The (1946)"
604,6305428336,Down in the Delta (1998)
399,6304078080,"Cry, the Beloved Country (1995)"
1335,B01ERZG22I,Restoration (1995)
836,B00004UB6S,Agnes Browne (1999)
388,6304022166,Tom and Huck (1995)
1222,B00E5PHTR8,Solo (1996)
591,6305388539,Bloodsport (1988)
39,0783227892,Hard Target (1993)
1183,B00979KQFE,Missing in Action 2: The Beginning (1985)
445,6304285353,Kansas City (1996)
454,6304311885,Harriet the Spy (1996)
244,6303036813,"Return of Jafar, The (1993)"
446,6304285388,That Darn Cat! (1965)
984,B0007A3EIS,Buddy (1997)
958,B00009WVSM,Turbo: A Power Rangers Movie (1997)
301,6303450849,Far From Home: The Adventures of Yellow Dog (1995)
329,6303675220,Mighty Morphin Power Rangers: The Movie (1995)
281,6303344224,"Next Karate Kid, The (1994)"
385,6304017049,Dunston Checks In (1996)
406,6304101147,All Dogs Go to Heaven 2 (1996)
397,6304048017,Theodore Rex (1995)
289,6303383289,"Simple Twist of Fate, A (1994)"
648,6305714886,Brokedown Palace (1999)
947,B000089795,God Said 'Ha!' (1998)
395,6304039212,Blue in the Face (1995)
76,0790744813,On the Town (1949)
4,0767800745,"Friend of the Deceased, A (1997)"
1025,B000FOQ1GI,Pushing Hands (1992)
1003,B000ADWDEI,Kicking and Screaming (1995)
345,6303908551,Bhaji on the Beach (1993)
93,0792841409,Paths of Glory (1957)
900,B00005JLPK,Friday (1995)
48,0783240473,For Love of the Game (1999)
1336,B01F44MSHE,"Mark of Zorro, The (1940)"
865,B0000524E5,Coyote Ugly (2000)
798,B00003CXL4,"Eyes of Tammy Faye, The (2000)"
387,6304021577,Gold Diggers: The Secret of Bear Mountain (1995)
663,6305782261,Tumbleweeds (1999)
475,6304422342,Palookaville (1996)
390,6304029977,Faster Pussycat! Kill! Kill! (1965)
113,1567301789,"Cement Garden, The (1993)"
71,0790739313,Why Do Fools Fall In Love? (1998)
1082,B001EDGKWE,Urban Legend (1998)
1291,B00W3W2TC0,Infinity (1996)
424,6304167725,Don't Be a Menace to South Central While Drinking Your Juice in the Hood (1996)
242,6303022928,What's Love Got to Do with It? (1993)
1257,B00KW3A6EU,"Watcher, The (2000)"
84,0792154436,Dead Man on Campus (1998)
678,6305831661,Down to You (2000)
503,6304676956,Free Willy 3: The Rescue (1997)
618,6305515042,Doug's 1st Movie (1999)
840,B00004VVO7,Me Myself I (2000)
704,6305963088,Here on Earth (2000)
799,B00003CXL6,Autumn in New York (2000)
211,6302426200,"Great Mouse Detective, The (1986)"
909,B00005MM61,Bloodsport 2 (1995)
991,B0007YUVWQ,Steel (1997)
512,6304707029,Brassed Off (1996)
963,B00015YVR2,Our Town (1940)
1251,B00JU94ZPS,Sabotage (1936)
100,079396041X,Paradise Road (1997)
1154,B005KR6O1C,Lost Horizon (1937)
452,6304308469,Grand Hotel (1932)
134,6300185206,"Palm Beach Story, The (1942)"
128,6300181510,Earthquake (1974)
633,630560939X,"Phantom of the Opera, The (1943)"
1136,B004IFYMWK,Fair Game (1995)
1117,B002ZG97M4,Footloose (1984)
219,6302655897,"Suddenly, Last Summer (1959)"
574,6305248893,Shooting Fish (1997)
710,6306010971,Up at the Villa (2000)
794,B00003CXJ9,"Adventures of Rocky and Bullwinkle, The (2000)"
1224,B00E8G5HQE,Volcano (1997)
1226,B00EFJFUVG,Wings (1927)
1036,B000K2UGXO,All the King's Men (1949)
1175,B007XJ5DQ2,Dear God (1996)
705,6305976384,"Slumber Party Massacre, The (1982)"
501,6304675151,Son of Flubber (1963)
569,6305240035,Clay Pigeons (1998)
914,B00005NKSU,Catfish in Black Bean Sauce (2000)
1296,B00XZCIENK,Beyond the Mat (2000)
824,B00004RM2X,Song of the South (1946)
780,B00003CX8A,Where the Money Is (2000)
210,6302413729,Amityville 1992: It's About Time (1992)
350,6303917410,Amityville II: The Possession (1982)
707,6305976449,Sorority House Massacre (1986)
933,B00006G8JZ,"Curse of Frankenstein, The (1957)"
332,6303686850,Earth Vs. the Flying Saucers (1956)
1212,B00CUDD0LG,"Hunted, The (1995)"
44,0783230427,Village of the Damned (1960)
1306,B011ECWT3I,Quatermass II (1957)
1260,B00LBFFR2Y,Prom Night (1980)
302,6303454585,Hello Mary Lou: Prom Night II (1987)
269,6303257275,MacKenna's Gold (1969)
1289,B00V0CLXCQ,Poltergeist III (1988)
777,B0000399W9,"Exorcist III, The (1990)"
744,B00000JLWR,Hell Night (1981)
1273,B00OAIHJ0C,Candyman: Farewell to the Flesh (1995)
92,0792840119,Disturbing Behavior (1998)
91,0792836685,Pumpkinhead (1988)
1062,B0013D8LWC,Twelfth Night (1996)
701,6305958076,East is East (1999)
180,6301805615,Duel in the Sun (1946)
768,B00002SSKU,"Suburbans, The (1999)"
854,B00004Y6BM,Nightwatch (1997)
927,B00006675R,Country Life (1994)
762,B00002E22E,"Cry in the Dark, A (1988)"
130,6300182517,Blue Collar (1978)
154,630027151X,Night Shift (1982)
1083,B001EOQCL2,Bottle Rocket (1996)
736,B00000ICUO,"Cool Dry Place, A (1998)"
536,6304993722,"Gingerbread Man, The (1998)"
1028,B000H6SXVU,No Mercy (1986)
928,B000066S1L,"Mission, The (1986)"
1277,B00PGTN836,"Razor's Edge, The (1984)"
298,6303430562,"Low Down Dirty Shame, A (1994)"
311,6303521398,"Bye Bye, Love (1995)"
875,B000056BOW,"Original Kings of Comedy, The (2000)"
123,157362554X,True Crime (1995)
872,B0000541W8,Bless the Child (2000)
196,6302136261,Daddy Long Legs (1919)
209,6302353750,Blood on the Sun (1945)
120,157362389X,Meet Wally Sparks (1997)
492,6304556845,City of Industry (1997)
94,0792841905,Gang Related (1997)
448,6304293437,Normal Life (1996)
934,B00006JDVT,Bad Company (1995)
530,6304938748,Krippendorf's Tribe (1998)
375,6303995780,Spanking the Monkey (1994)
407,6304104286,Pather Panchali (1955)
480,6304442467,Breaking the Waves (1996)
655,630575991X,"Designated Mourner, The (1997)"
436,6304218893,"Young Poisoner's Handbook, The (1995)"
314,6303567126,"Basketball Diaries, The (1995)"
588,6305362688,Taste of Cherry (1997)
312,6303534465,Federal Hill (1994)
641,6305674086,My Son the Fanatic (1998)
1027,B000GG4RMU,Tampopo (1986)
373,6303995705,Short Cuts (1993)
1285,B00TB9ZXU8,"Last Supper, The (1995)"
485,6304484054,Pink Flamingos (1972)
528,6304938225,Welcome To Sarajevo (1997)
832,B00004TX5O,I Dreamed of Africa (2000)
842,B00004W4GV,Love's Labour's Lost (2000)
292,6303407196,Terminal Velocity (1994)
337,6303832563,Koyaanisqatsi (1983)
852,B00004Y3WH,SubUrbia (1997)
579,630529285X,Ayn Rand: A Sense of Life (1997)
676,6305824584,Dreaming of Joseph Lees (1998)
109,1559409002,Carnival of Souls (1962)
232,6302800897,Anatomy of a Murder (1959)
621,6305537801,"Walk on the Moon, A (1999)"
879,B000056N30,"Tic Code, The (1998)"
1022,B000F48DCS,Stalingrad (1993)
68,0790734737,Mad City (1997)
1151,B005GTMSQY,My Bodyguard (1980)
493,6304578474,Gone Fishin' (1997)
838,B00004UEDZ,Edge of Seventeen (1998)
253,6303092306,Death Wish V: The Face of Death (1994)
182,6301932838,Volunteers (1985)
994,B0009FU0ZG,8 Seconds (1994)
344,6303908225,Virtuosity (1995)
163,6301327977,Body Snatchers (1993)
461,6304368801,"Great Locomotive Chase, The (1956)"
296,6303421016,Getting Even with Dad (1994)
988,B0007WQGRC,Ride with the Devil (1999)
511,6304707002,Children of the Revolution (1996)
675,6305816689,Felicia's Journey (1999)
898,B00005IC54,"Boondock Saints, The (1999)"
725,B00000FYPB,Barry Lyndon (1975)
811,B00003L9CF,In Too Deep (1999)
713,630601232X,American Pimp (1999)
487,6304503873,Shadow Conspiracy (1997)
283,6303354734,Jason's Lyric (1994)
861,B00004ZDFL,Under Suspicion (2000)
869,B000053V7C,Cecil B. Demented (2000)
459,6304354738,Maya Lin: A Strong Clear Vision (1994)
518,6304773307,"Kiss Me, Guido (1997)"
1115,B002U4F5W2,Bliss (1997)
945,B00007G1V9,Mad Love (1995)
1038,B000K7UBVG,Cousin Bette (1998)
860,B00004Z4WS,Human Traffic (1999)
1138,B004O8OLNQ,Trust (1990)
349,6303916880,National Lampoon's Senior Trip (1995)
904,B00005JNT2,Man of the House (1995)
510,6304698305,Out to Sea (1997)
265,6303196543,Dersu Uzala (1974)
339,630383261X,Down by Law (1986)
291,6303398243,Young Doctors in Love (1982)
737,B00000ICUW,"Impostors, The (1998)"
14,0767821807,Pal Joey (1957)
315,6303574203,Losing Isaiah (1995)
1035,B000K0YM0O,Sanjuro (1962)
751,B00000JYWZ,Hands on a Hard Body (1996)
331,6303683568,"Great Day in Harlem, A (1994)"
1259,B00L9S1VZK,Firestorm (1998)
105,0800198840,Dream for an Insomniac (1996)
391,630403220X,"Addiction, The (1995)"
41,0783228686,Black Dog (1998)
215,6302544289,Sleepwalkers (1992)
463,6304375239,Judgment Night (1993)
657,6305763305,Music of the Heart (1999)
97,0792844025,How to Stuff a Wild Bikini (1965)
923,B00006472N,Blackbeard's Ghost (1968)
614,6305498903,200 Cigarettes (1999)
166,6301432827,Baby... Secret of the Lost Legend (1985)
782,B00003CXD7,Twin Peaks: Fire Walk with Me (1992)
197,6302150647,For the Love of Benji (1977)
164,6301374290,Fletch Lives (1989)
161,6301229096,"Year My Voice Broke, The (1987)"
1046,B000NEHLP0,American Dream (1990)
895,B00005B6KZ,Two Family House (2000)
1150,B0057O6ILY,"Face in the Crowd, A (1957)"
1271,B00O4UN5YK,Repulsion (1965)
1321,B018GWWD2G,"Assignment, The (1997)"
1073,B0019SYV0W,Beat the Devil (1954)
723,B00000F3CD,Following (1998)
137,6300214133,It Came from Hollywood (1982)
353,6303926746,Mute Witness (1994)
1286,B00TRAO7UI,Limelight (1952)
960,B0000DZ3BL,Get Bruce (1999)
897,B00005IA7Z,Cutter's Way (1981)
226,6302725623,"Decline of Western Civilization Part II: The Metal Years, The (1988)"
770,B000034DDU,Heidi Fleiss: Hollywood Madam (1995)
1218,B00DVD5TMW,Stalker (1979)
698,6305949743,Holy Smoke (1999)
576,6305260621,Permanent Midnight (1998)
772,B000035P98,"Brandon Teena Story, The (1998)"
462,6304372396,Surviving Picasso (1996)
1324,B019PHHVSW,My Boyfriend's Back (1993)
1326,B01AFGSSWU,Last Night (1998)
405,6304100094,It's My Party (1995)
835,B00004UB6Q,"Map of the World, A (1999)"
1275,B00P69WUEE,Marvin's Room (1996)
527,6304925158,"Education of Little Tree, The (1997)"
745,B00000JMOE,Grace of My Heart (1996)
1311,B011VQNXGE,Gloria (1999)
825,B00004RYDB,"Harmonists, The (1997)"
642,6305674108,My Life So Far (1999)
623,6305564426,Finding North (1999)
297,6303422136,Mrs. Parker and the Vicious Circle (1994)
192,630203082X,Home for the Holidays (1995)
950,B00008G8WJ,Jane Eyre (1996)
775,B000038I11,Joe the King (1999)
1234,B00GPPXNLC,King of the Hill (1993)
874,B000055WI9,Steal This Movie! (2000)
1123,B003Q7B7BU,"Phantom, The (1996)"
514,6304707622,Fire Down Below (1997)
1315,B014GDAVLE,No Escape (1994)
266,6303202225,Surviving the Game (1994)
1041,B000LC5B7O,Man of the Year (1995)
427,6304178379,"Great White Hype, The (1996)"
728,B00000I1LN,Slam (1998)
833,B00004U1F9,After Life (1998)
1249,B00JKTFQWE,In God's Hands (1998)
702,6305958092,Stiff Upper Lips (1998)
662,6305770182,"Minus Man, The (1999)"
250,6303046959,"Saint of Fort Washington, The (1993)"
1094,B001TK80CU,M. Butterfly (1993)
428,6304192290,Trial and Error (1997)
729,B00000IBKY,At First Sight (1999)
324,6303637639,"Pyromaniac's Love Story, A (1995)"
856,B00004YA1G,Still Breathing (1997)
131,630018286X,Cat People (1982)
688,6305874948,Play it to the Bone (1999)
245,6303038859,Calendar Girl (1993)
411,630411222X,Clean Slate (1994)
669,630581001X,"Mystery, Alaska (1999)"
920,B00005Y728,"Saltmen of Tibet, The (1997)"
808,B00003CXO3,Get Carter (2000)
1339,B01F8505J2,"Little Princess, The (1939)"
1017,B000E3K364,Losing Chase (1996)
774,B000038I0Y,Love Stinks (1999)
973,B00023P4PQ,I'm Not Rappaport (1996)
469,6304401256,Herbie Goes to Monte Carlo (1977)
1250,B00JQHOIII,"Gods Must Be Crazy, The (1980)"
156,6300271668,Under the Rainbow (1981)
333,6303686877,Desert Bloom (1986)
368,6303968945,"Steal Big, Steal Little (1995)"
550,6305124345,Major League: Back to the Minors (1998)
716,B000005XXD,Madame Sousatzka (1988)
1135,B004HIGCT4,Sirens (1994)
983,B00077BPF0,"Barefoot Executive, The (1971)"
1342,B01GA4ILCS,"Innocents, The (1961)"
1252,B00K0TWVFI,Trans (1998)
313,6303540104,And God Created Woman (1988)
187,6301966848,Fatal Beauty (1987)
741,B00000IREH,"Funeral, The (1996)"
685,6305868913,Light It Up (1999)
628,630557717X,Among Giants (1998)
866,B0000524EB,"Crow: Salvation, The (2000)"
198,6302180155,"Draughtsman's Contract, The (1982)"
1092,B001OSWOCO,Lady of Burlesque (1943)
434,6304216254,Jupiter's Wife (1994)
535,6304982275,"This World, Then the Fireworks (1996)"
891,B00005ASPE,Psycho Beach Party (2000)
354,6303929583,Heavyweights (1994)
926,B00006673L,Hearts and Minds (1996)
1263,B00M3IVDEY,Carmen (1984)
1248,B00JK1W1IO,Room at the Top (1959)
1202,B00BSTVK9W,Prince of the City (1981)
638,6305649103,Tarzan the Fearless (1933)
1290,B00VX2205W,Howling II: Your Sister Is a Werewolf (1985)
1327,B01BDQOZLY,Psycho II (1983)
913,B00005NKSP,From the Hip (1987)
200,630223218X,Problem Child 2 (1991)
921,B00005YUND,Othello (1995)
1071,B0018C23OK,Desperate Measures (1998)
371,6303985394,"Giant Gila Monster, The (1959)"
194,6302038340,Rawhead Rex (1986)
143,6300214672,April Fool's Day (1986)
505,6304680465,"Hideous Sun Demon, The (1959)"
280,6303341888,Carnosaur 2 (1995)
193,6302037255,"Masque of the Red Death, The (1964)"
547,6305082448,Cross of Iron (1977)
816,B00003XAMS,Glen or Glenda (1953)
1158,B005P2BLC4,Steam: The Turkish Bath (Hamam) (1997)
19,0767839277,"Adventures of Elmo in Grouchland, The (1999)"
995,B0009J93V4,Nekromantik (1987)
1091,B001MYIQJU,Anna Karenina (1997)
820,B00004KDER,Blood Feast (1963)
162,6301233166,Color Me Blood Red (1965)
645,6305680175,Relax... It's Just Sex (1998)
1141,B004VQRCFK,Nightmares (1983)
1195,B00AYRIUGK,House Arrest (1996)
46,0783235410,In Dreams (1999)
905,B00005JXYP,All the Vermeers in New York (1990)
316,6303579345,Funny Bones (1995)
686,6305874867,Gun Shy (2000)
671,6305811725,Shaft in Africa (1973)
1032,B000ICL3M4,Lassie (1994)
964,B0001687A8,Parasite (1982)
433,6304202741,Last Dance (1996)
195,6302041147,Come See the Paradise (1990)
13,0767821610,Eyes of Laura Mars (1978)
300,6303444075,Safe Passage (1994)
482,6304456018,"Substance of Fire, The (1996)"
551,6305127654,Twilight (1998)
823,B00004RF89,Big Bully (1996)
732,B00000IBPE,Guinevere (1999)
912,B00005N7Z0,Prancer (1989)
1176,B0081FSMQU,"Damsel in Distress, A (1937)"
471,6304414129,Adrenalin: Fear the Rush (1996)
410,6304111762,When Night Is Falling (1995)
534,6304981848,No Looking Back (1998)
681,6305837406,"Story of G.I. Joe, The (1945)"
320,6303620000,Destiny Turns on the Radio (1995)
537,6305003777,Tokyo Fist (1995)
717,B0000065MQ,New Jersey Drive (1995)
1294,B00X3DC6OE,Strangeland (1998)
844,B00004X13S,8 1/2 Women (1999)
234,6302873150,Alvarez Kelly (1966)
1334,B01EG1R92A,Deadtime Stories (1987)
1052,B000SIWHAU,"Castle, The (1997)"
650,6305729212,Daughters of the Dust (1992)
28,0780627822,"Thin Line Between Love and Hate, A (1996)"
812,B00003M5I2,Conceiving Ada (1997)
1122,B003BWQDPU,Beautiful (2000)
207,630228175X,Only Angels Have Wings (1939)
609,6305459452,Don't Look in the Basement! (1973)
290,6303396704,Shattered Image (1998)
581,6305297223,Six-String Samurai (1998)
348,6303914985,Bitter Moon (1992)
976,B0002T8FWO,Santa Fe Trail (1940)
1,0764004581,Hell in the Pacific (1968)
593,6305412820,My Name Is Joe (1998)
421,6304165064,Kids of the Round Table (1995)
32,0783210973,"Good Man in Africa, A (1994)"
378,630400592X,"Boys of St. Vincent, The (1993)"
572,630524068X,Beyond Silence (1996)
450,6304298293,Switchblade Sisters (1975)
112,1567301703,For Ever Mozart (1996)
522,6304843267,Airport '77 (1977)
870,B000053V7I,Crime and Punishment in Suburbia (2000)
204,6302271991,In Search of the Castaways (1962)
422,6304166206,Heaven's Prisoners (1996)
513,6304707541,Gridlock'd (1997)
491,6304539444,Keys to Tulsa (1997)
361,6303948049,Never Talk to Strangers (1995)
1246,B00J2PQZSK,Jude (1996)
398,6304054777,Eye for an Eye (1996)
559,6305173990,Hav Plenty (1997)
763,B00002EQ0H,"Very Thought of You, The (1998)"
561,6305191875,"Henry: Portrait of a Serial Killer, Part 2 (1996)"
542,6305063486,"Devil Rides Out, The (1968)"
111,1562021907,Margaret's Museum (1995)
706,6305976422,"Slumber Party Massacre II, The (1987)"
1039,B000KLQUT4,Secret Agent (1936)
846,B00004XOO0,Trois (2000)
418,6304143214,Surf Nazis Must Die (1987)
680,6305837104,Monsieur Verdoux (1947)
944,B00007G1TL,"Big Trees, The (1952)"
894,B00005B6KL,"Flying Saucer, The (1950)"
668,6305807892,X: The Unknown (1956)
341,6303861733,Land Before Time III: The Time of the Great Giving (1995)
613,6305477728,Tetsuo II: Body Hammer (1992)
726,B00000FYSU,Silent Fall (1994)
1131,B004A8ZX4G,Open Season (1996)
834,B00004U29E,Frogs for Snakes (1998)
915,B00005NTN3,About Adam (2000)
1058,B0011UKORM,Sunset Strip (2000)
885,B000059HA6,Turn It Up (2000)
1125,B003V6L8U6,Circus (2000)
673,6305814724,Rough Night in Jericho (1967)
883,B000058TIB,Last Resort (1994)
948,B00008979D,Roommates (1995)
3,0767800311,Nil By Mouth (1997)
1208,B00C6704G0,Touch (1997)
107,097013830X,Belizaire the Cajun (1986)
1008,B000BLI5QO,Cyclo (1995)
1059,B0011V7PQY,Loaded (1994)
381,6304011458,Feast of July (1995)
317,6303586112,"Man of No Importance, A (1994)"
692,6305907870,Greaser's Palace (1972)
1019,B000EMI6J6,Eight Days a Week (1997)
1060,B00125WAV4,Gumby: The Movie (1995)
683,6305847045,Love Is the Devil (1998)
1244,B00IU7UHSU,Beefcake (1999)
855,B00004Y7FB,Full Tilt Boogie (1997)
121,1573624160,Chinese Box (1997)
753,B00000K13T,Twice Upon a Yesterday (1998)
1217,B00DPMFE6U,Fausto (1993)
592,6305400660,Just the Ticket (1999)
540,6305051089,"Price Above Rubies, A (1998)"
765,B00002JWYI,Wedding Bell Blues (1996)
972,B00023GG94,I Like It Like That (1994)
155,6300271579,Mike's Murder (1984)
1317,B015I1461E,"Garbage Pail Kids Movie, The (1987)"
828,B00004STH1,"Source, The (1999)"
911,B00005N5QZ,Poison (1991)
326,6303646743,Turtle Diary (1985)
682,6305841934,Whatever Happened to Aunt Alice? (1969)
632,6305609276,"Brother, Can You Spare a Dime? (1975)"
119,157347049X,Castle Freak (1995)
30,0783111509,Zeus and Roxanne (1997)
1211,B00CSW08XM,Stag (1997)
747,B00000JMP0,In the Line of Duty 2 (1987)
1011,B000CEV3K0,Faces (1968)
429,6304197314,Six of a Kind (1934)
438,6304234635,Carnosaur 3: Primal Species (1996)
420,6304153694,For the Moment (1994)
206,6302281725,"Loves of Carmen, The (1948)"
1049,B000OU082G,Broken English (1996)
417,6304142889,"Search for One-eye Jimmy, The (1996)"
759,B0000214FG,"Bat Whispers, The (1930)"
1173,B007PXYVMI,Unhook the Stars (1996)
640,6305663068,Slaughterhouse (1987)
1233,B00GOVRVTM,"Machine, The (1994)"
667,630580785X,"Ilsa, She Wolf of the SS (1974)"
1069,B00175VSBM,Asylum (1972)
659,6305765669,"Son of the Sheik, The (1926)"
416,6304142854,"Low Life, The (1994)"
116,1572526564,Digging to China (1998)
607,6305447187,"Hi-Lo Country, The (1998)"
443,6304270798,Miss Julie (1999)
362,6303948871,"Stars Fell on Henrietta, The (1995)"
1106,B002E01LPC,Lamerica (1994)
286,6303358381,Kika (1993)
425,6304167970,Race the Sun (1996)
247,6303042260,Young and Innocent (1937)
504,6304680104,Devil Girl From Mars (1954)
957,B00009VTX4,Incognito (1997)
730,B00000IBLO,Talk of Angels (1998)
1312,B012G7IWYA,Captives (1994)
1256,B00KTJ0PU2,Savior (1998)
495,6304580878,Glory Daze (1996)
1023,B000FFJYL6,Mirage (1995)
624,6305564450,Broadway Damage (1997)
106,0964278928,Paris Was a Woman (1995)
931,B00006FDBO,Eaten Alive (1976)
1121,B0039WGU82,Bluebeard (1944)
202,6302247268,Railroaded! (1947)
179,6301802373,Something for Everyone (1970)
896,B00005BCP5,Skipped Parts (2000)
117,1572528060,"Collectionneuse, La (1967)"
532,6304965680,Little Men (1998)
355,6303929591,Squanto: A Warrior's Tale (1994)
1171,B007IV4ODS,Beauty (1998)
666,6305807671,"Castaway Cowboy, The (1974)"
693,630592273X,3 Strikes (2000)
863,B000051S5P,Went to Coney Island on a Mission From God... Be Back by Five (1998)
402,6304079907,"Very Natural Thing, A (1974)"
1189,B00AIA86OY,Moonlight Murder (1936)
735,B00000ICK1,Year of the Horse (1997)
1097,B001UJUGZO,Possession (1981)
746,B00000JMOO,Male and Female (1919)
756,B00001W9G9,Simon Sez (1999)
1177,B0084BM7NK,August (1996)
477,6304429746,Terror in a Texas Town (1958)
216,6302587204,Brenda Starr (1989)
1074,B001A7GOG6,Resurrection Man (1998)
684,6305867674,On Our Merry Way (1948)
606,6305433887,"I Love You, I Love You Not (1996)"
981,B00067AVLU,Choices (1981)
660,6305765723,"Battle of the Sexes, The (1959)"
118,1573306932,Message to Love: The Isle of Wight Festival (1996)
646,630568393X,Hangmen Also Die (1943)
929,B000067D1S,Sunset Park (1996)
1314,B014DMSM9Q,Eden (1997)
864,B000051TVN,Cotton Mary (1999)
674,6305815178,Brown's Requiem (1998)
727,B00000G3AX,Frank and Ollie (1995)
549,6305120013,Sprung (1997)
441,630426710X,Killer: A Journal of Murder (1995)
548,6305087393,I Got the Hook Up (1998)
252,6303060048,Pot O' Gold (1941)
431,6304200544,Original Gangstas (1996)
938,B00006RCN8,Angela (1995)
970,B00020VZUM,Target (1995)
629,6305582734,Penitentiary II (1982)
815,B00003UC8T,Lucie Aubrac (1997)
946,B00007M5KF,Leather Jacket Love Story (1997)
884,B000059H8N,Bittersweet Motel (2000)
888,B00005AFST,Born American (1986)
739,B00000INVJ,Ashes of Time (1994)
1089,B001HN697M,Underworld (1997)
580,6305293007,Full Speed (1996)
573,6305242186,Smashing Time (1967)
502,6304676107,Everything Relative (1996)
679,6305836620,"Gay Deceivers, The (1969)"
274,6303294103,Foreign Student (1994)
810,B00003ETIU,Zachariah (1971)
610,6305460167,Fall Time (1995)
1107,B002E01LQ6,Impact (1949)
965,B00019331I,Anna (1996)
661,6305768374,I'll Never Forget What's 'is Name (1967)
1005,B000B5XP2O,Second Best (1994)
159,630113284X,Hillbillys in a Haunted House (1967)
1084,B001F08D9O,Happy Go Lovely (1951)
584,6305306141,Detroit 9000 (1973)
1269,B00NX18WG2,"Stranger, The (1994)"
749,B00000JNBX,Six Ways to Sunday (1997)
278,6303336884,Tough and Deadly (1995)
124,1578482739,Broken Vessels (1998)
665,6305807655,One Little Indian (1973)
